sample,fastq_1,fastq_2,strandedness,pretreatment,treatment,researcher,concentration,rna_260_280,rna_260_230
1,/scratch/mblab/chasem/dlk_mus/sequence_files/1.CCTCCAGGTA-ATTCACGTGA.HC375DSX3_CCTCCAGGTA-ATTCACGTGA_L004_R1.fastq.gz,/scratch/mblab/chasem/dlk_mus/sequence_files/1.CCTCCAGGTA-ATTCACGTGA.HC375DSX3_CCTCCAGGTA-ATTCACGTGA_L004_R2.fastq.gz,reverse,DLKi,DMSO,JP,169.7,2.18,2.2
2,/scratch/mblab/chasem/dlk_mus/sequence_files/2.CCTCTATCTC-CTCATTCTGC.HC375DSX3_CCTCTATCTC-CTCATTCTGC_L004_R1.fastq.gz,/scratch/mblab/chasem/dlk_mus/sequence_files/2.CCTCTATCTC-CTCATTCTGC.HC375DSX3_CCTCTATCTC-CTCATTCTGC_L004_R2.fastq.gz,reverse,DMSO,DMSO,JP,229.5,2.15,2.14
5,/scratch/mblab/chasem/dlk_mus/sequence_files/5.CACCGAATCA-CTTAGTCCAA.HC375DSX3_CACCGAATCA-CTTAGTCCAA_L004_R1.fastq.gz,/scratch/mblab/chasem/dlk_mus/sequence_files/5.CACCGAATCA-CTTAGTCCAA.HC375DSX3_CACCGAATCA-CTTAGTCCAA_L004_R2.fastq.gz,reverse,DLKi,DMSO,JP,167.2,2.15,2.22
6,/scratch/mblab/chasem/dlk_mus/sequence_files/6.AACGCACGAG-ATAACCACAC.HC375DSX3_AACGCACGAG-ATAACCACAC_L004_R1.fastq.gz,/scratch/mblab/chasem/dlk_mus/sequence_files/6.AACGCACGAG-ATAACCACAC.HC375DSX3_AACGCACGAG-ATAACCACAC_L004_R2.fastq.gz,reverse,DMSO,Noc,JP,133.5,2.13,2.05
7,/scratch/mblab/chasem/dlk_mus/sequence_files/7.TCGGAGACCT-AGTAGCTAGT.HC375DSX3_TCGGAGACCT-AGTAGCTAGT_L004_R1.fastq.gz,/scratch/mblab/chasem/dlk_mus/sequence_files/7.TCGGAGACCT-AGTAGCTAGT.HC375DSX3_TCGGAGACCT-AGTAGCTAGT_L004_R2.fastq.gz,reverse,DLKi,Noc,JP,140.7,2.15,2.14
8,/scratch/mblab/chasem/dlk_mus/sequence_files/8.AATGCGATGG-GCACACAGCA.HC375DSX3_AATGCGATGG-GCACACAGCA_L004_R1.fastq.gz,/scratch/mblab/chasem/dlk_mus/sequence_files/8.AATGCGATGG-GCACACAGCA.HC375DSX3_AATGCGATGG-GCACACAGCA_L004_R2.fastq.gz,reverse,DMSO,Noc,JP,187.2,2.14,2.16
9,/scratch/mblab/chasem/dlk_mus/sequence_files/9.GTGAAGACAC-CTTAGGCAAC.HC375DSX3_GTGAAGACAC-CTTAGGCAAC_L004_R1.fastq.gz,/scratch/mblab/chasem/dlk_mus/sequence_files/9.GTGAAGACAC-CTTAGGCAAC.HC375DSX3_GTGAAGACAC-CTTAGGCAAC_L004_R2.fastq.gz,reverse,DLKi,DMSO,JP,213.9,2.15,2.21
10,/scratch/mblab/chasem/dlk_mus/sequence_files/10.CGCTGTTGAC-ACGTCTACGA.HC375DSX3_CGCTGTTGAC-ACGTCTACGA_L004_R1.fastq.gz,/scratch/mblab/chasem/dlk_mus/sequence_files/10.CGCTGTTGAC-ACGTCTACGA.HC375DSX3_CGCTGTTGAC-ACGTCTACGA_L004_R2.fastq.gz,reverse,DMSO,Noc,JP,180.8,2.15,2.21
11,/scratch/mblab/chasem/dlk_mus/sequence_files/11.CGGACAGCTA-GCCTTCCTCT.HC375DSX3_CGGACAGCTA-GCCTTCCTCT_L004_R1.fastq.gz,/scratch/mblab/chasem/dlk_mus/sequence_files/11.CGGACAGCTA-GCCTTCCTCT.HC375DSX3_CGGACAGCTA-GCCTTCCTCT_L004_R2.fastq.gz,reverse,DLKi,Noc,LD,232.8,2.16,2.21
12,/scratch/mblab/chasem/dlk_mus/sequence_files/12.GCTAACGGCA-GCAACTCCTG.HC375DSX3_GCTAACGGCA-GCAACTCCTG_L004_R1.fastq.gz,/scratch/mblab/chasem/dlk_mus/sequence_files/12.GCTAACGGCA-GCAACTCCTG.HC375DSX3_GCTAACGGCA-GCAACTCCTG_L004_R2.fastq.gz,reverse,DMSO,Noc,LD,199.7,2.13,2.06
13,/scratch/mblab/chasem/dlk_mus/sequence_files/13.AATGTTCGGA-ACGATTGGCT.HC375DSX3_AATGTTCGGA-ACGATTGGCT_L004_R1.fastq.gz,/scratch/mblab/chasem/dlk_mus/sequence_files/13.AATGTTCGGA-ACGATTGGCT.HC375DSX3_AATGTTCGGA-ACGATTGGCT_L004_R2.fastq.gz,reverse,DLKi,DMSO,LD,228.5,2.16,2.22
15,/scratch/mblab/chasem/dlk_mus/sequence_files/15.CGCTAATTGC-GAAGCAAGCG.HC375DSX3_CGCTAATTGC-GAAGCAAGCG_L004_R1.fastq.gz,/scratch/mblab/chasem/dlk_mus/sequence_files/15.CGCTAATTGC-GAAGCAAGCG.HC375DSX3_CGCTAATTGC-GAAGCAAGCG_L004_R2.fastq.gz,reverse,DLKi,Noc,LD,162.6,2.12,2.16
16,/scratch/mblab/chasem/dlk_mus/sequence_files/16.AGGCGAATTC-TATGACACGT.HC375DSX3_AGGCGAATTC-TATGACACGT_L004_R1.fastq.gz,/scratch/mblab/chasem/dlk_mus/sequence_files/16.AGGCGAATTC-TATGACACGT.HC375DSX3_AGGCGAATTC-TATGACACGT_L004_R2.fastq.gz,reverse,DMSO,DMSO,LD,234.7,2.13,2.13
18,/scratch/mblab/chasem/dlk_mus/sequence_files/18.AACTGTACGG-ATAACGACGA.HC375DSX3_AACTGTACGG-ATAACGACGA_L004_R1.fastq.gz,/scratch/mblab/chasem/dlk_mus/sequence_files/18.AACTGTACGG-ATAACGACGA.HC375DSX3_AACTGTACGG-ATAACGACGA_L004_R2.fastq.gz,reverse,DMSO,DMSO,LD,187.5,2.16,2.21
19,/scratch/mblab/chasem/dlk_mus/sequence_files/19.AATCTGCAGT-ACCTACCAGG.HC375DSX3_AATCTGCAGT-ACCTACCAGG_L004_R1.fastq.gz,/scratch/mblab/chasem/dlk_mus/sequence_files/19.AATCTGCAGT-ACCTACCAGG.HC375DSX3_AATCTGCAGT-ACCTACCAGG_L004_R2.fastq.gz,reverse,DLKi,Noc,LD,118.9,2.13,2.01
20,/scratch/mblab/chasem/dlk_mus/sequence_files/20.GCTGAGTTGG-AGTCTGGACG.HC375DSX3_GCTGAGTTGG-AGTCTGGACG_L004_R1.fastq.gz,/scratch/mblab/chasem/dlk_mus/sequence_files/20.GCTGAGTTGG-AGTCTGGACG.HC375DSX3_GCTGAGTTGG-AGTCTGGACG_L004_R2.fastq.gz,reverse,DMSO,DMSO,LD,192.8,2.11,2.18
